{"cameraMode":{"drawMode":0,"name":"Shaded","section":"Shading Mode"},"sceneLighting":true,"audioPlay":false,"sceneViewState":{"showFog":true,"showMaterialUpdate":false,"showSkybox":true,"showFlares":true,"showImageEffects":true,"showParticleSystems":true},"in2DMode":false,"pivot":{"x":-1.0028934478759766,"y":0.540359377861023,"z":7.721778392791748},"rotation":{"x":-0.024117661640048028,"y":-0.7469344735145569,"z":0.027133073657751085,"w":-0.6639068126678467},"size":16.22852897644043,"orthographic":false}