{"cameraMode":{"drawMode":0,"name":"Shaded","section":"Shading Mode"},"sceneLighting":true,"audioPlay":false,"sceneViewState":{"showFog":true,"showMaterialUpdate":false,"showSkybox":true,"showFlares":true,"showImageEffects":true,"showParticleSystems":true},"in2DMode":false,"pivot":{"x":107.89253234863281,"y":-149.09222412109376,"z":187.60166931152345},"rotation":{"x":0.3028012812137604,"y":0.26945269107818606,"z":-0.08976005762815476,"w":0.909805417060852},"size":587.3411254882813,"orthographic":false}