{"cameraMode":{"drawMode":0,"name":"Shaded","section":"Shading Mode"},"sceneLighting":true,"audioPlay":false,"sceneViewState":{"showFog":true,"showMaterialUpdate":false,"showSkybox":true,"showFlares":true,"showImageEffects":true,"showParticleSystems":true},"in2DMode":false,"pivot":{"x":651.878662109375,"y":220.6244354248047,"z":-9.157958984375},"rotation":{"x":-0.03779710829257965,"y":-0.014669748954474926,"z":0.0005534026422537863,"w":-0.9991798400878906},"size":913.2675170898438,"orthographic":false}