{"cameraMode":{"drawMode":0,"name":"Shaded","section":"Shading Mode"},"sceneLighting":true,"audioPlay":false,"sceneViewState":{"showFog":true,"showMaterialUpdate":false,"showSkybox":true,"showFlares":true,"showImageEffects":true,"showParticleSystems":true},"in2DMode":false,"pivot":{"x":16.53208351135254,"y":-0.13819648325443269,"z":3.164869785308838},"rotation":{"x":-0.03862786665558815,"y":-0.737179160118103,"z":0.04229409620165825,"w":-0.6732677221298218},"size":31.40678596496582,"orthographic":false}