{"cameraMode":{"drawMode":0,"name":"Shaded","section":"Shading Mode"},"sceneLighting":false,"audioPlay":false,"sceneViewState":{"showFog":true,"showMaterialUpdate":false,"showSkybox":false,"showFlares":true,"showImageEffects":true,"showParticleSystems":true},"in2DMode":false,"pivot":{"x":-6.429999828338623,"y":3.109999895095825,"z":17.40999984741211},"rotation":{"x":-0.002125701168552041,"y":0.7662637233734131,"z":-0.002536850282922387,"w":-0.6425269842147827},"size":2.8578836917877199,"orthographic":false}