{"cameraMode":{"drawMode":0,"name":"Shaded","section":"Shading Mode"},"sceneLighting":false,"audioPlay":false,"sceneViewState":{"showFog":true,"showMaterialUpdate":false,"showSkybox":false,"showFlares":true,"showImageEffects":true,"showParticleSystems":true},"in2DMode":false,"pivot":{"x":-2.0437583923339845,"y":-1.0066348314285279,"z":3.1402108669281008},"rotation":{"x":-0.2013794630765915,"y":0.6754149198532105,"z":-0.19994708895683289,"w":-0.680745005607605},"size":6.855798721313477,"orthographic":false}