{"cameraMode":{"drawMode":0,"name":"Shaded","section":"Shading Mode"},"sceneLighting":false,"audioPlay":false,"sceneViewState":{"showFog":true,"showMaterialUpdate":false,"showSkybox":false,"showFlares":true,"showImageEffects":true,"showParticleSystems":true},"in2DMode":false,"pivot":{"x":-2.718339681625366,"y":1.0707755088806153,"z":-7.029658794403076},"rotation":{"x":-0.009307528845965863,"y":-0.9794799089431763,"z":-0.04125453531742096,"w":0.1983622908592224},"size":8.336631774902344,"orthographic":false}