{"cameraMode":{"drawMode":0,"name":"Shaded","section":"Shading Mode"},"sceneLighting":true,"audioPlay":false,"sceneViewState":{"showFog":true,"showMaterialUpdate":false,"showSkybox":false,"showFlares":true,"showImageEffects":true,"showParticleSystems":true},"in2DMode":false,"pivot":{"x":-3.0900001525878908,"y":2.8829996585845949,"z":242.27999877929688},"rotation":{"x":-0.0020355070009827615,"y":-0.9348329901695252,"z":0.0053427573293447498,"w":-0.35506299138069155},"size":40.010372161865237,"orthographic":false}