{"cameraMode":{"drawMode":0,"name":"Shaded","section":"Shading Mode"},"sceneLighting":false,"audioPlay":false,"sceneViewState":{"showFog":true,"showMaterialUpdate":false,"showSkybox":false,"showFlares":true,"showImageEffects":true,"showParticleSystems":true},"in2DMode":false,"pivot":{"x":616.4765625,"y":6.394405364990234,"z":-46.481380462646487},"rotation":{"x":-0.07880068570375443,"y":0.8971208930015564,"z":-0.1783267706632614,"w":-0.3964475393295288},"size":27.29780387878418,"orthographic":false}