{"cameraMode":{"drawMode":0,"name":"Shaded","section":"Shading Mode"},"sceneLighting":true,"audioPlay":false,"sceneViewState":{"showFog":true,"showMaterialUpdate":false,"showSkybox":true,"showFlares":true,"showImageEffects":true,"showParticleSystems":true},"in2DMode":false,"pivot":{"x":219.99351501464845,"y":57.2418212890625,"z":7.7218017578125},"rotation":{"x":-0.07314568758010864,"y":-0.01946267858147621,"z":0.0013275840319693089,"w":-0.9972239136695862},"size":680.73583984375,"orthographic":false}