{"cameraMode":{"drawMode":0,"name":"Shaded","section":"Shading Mode"},"sceneLighting":false,"audioPlay":false,"sceneViewState":{"showFog":true,"showMaterialUpdate":false,"showSkybox":false,"showFlares":true,"showImageEffects":true,"showParticleSystems":true},"in2DMode":false,"pivot":{"x":207.93148803710938,"y":-3.532299041748047,"z":19.504743576049806},"rotation":{"x":-0.12992651760578156,"y":0.25110137462615969,"z":-0.03403676673769951,"w":-0.9586008787155151},"size":27.297792434692384,"orthographic":false}