{"cameraMode":{"drawMode":0,"name":"Shaded","section":"Shading Mode"},"sceneLighting":false,"audioPlay":false,"sceneViewState":{"showFog":true,"showMaterialUpdate":false,"showSkybox":true,"showFlares":true,"showImageEffects":true,"showParticleSystems":true},"in2DMode":false,"pivot":{"x":-3.012094259262085,"y":1.4515055418014527,"z":239.29037475585938},"rotation":{"x":0.012183311395347119,"y":0.9362143874168396,"z":-0.028774715960025789,"w":0.35094931721687319},"size":3.9120442867279054,"orthographic":false}