{"cameraMode":{"drawMode":0,"name":"Shaded","section":"Shading Mode"},"sceneLighting":false,"audioPlay":false,"sceneViewState":{"showFog":true,"showMaterialUpdate":false,"showSkybox":false,"showFlares":true,"showImageEffects":true,"showParticleSystems":true},"in2DMode":false,"pivot":{"x":-9.891358375549317,"y":-7.728274345397949,"z":7.815369606018066},"rotation":{"x":-0.15219807624816895,"y":0.5268077850341797,"z":-0.09652852267026901,"w":-0.8306621313095093},"size":22.740886688232423,"orthographic":false}