{"cameraMode":{"drawMode":0,"name":"Shaded","section":"Shading Mode"},"sceneLighting":true,"audioPlay":false,"sceneViewState":{"showFog":true,"showMaterialUpdate":false,"showSkybox":false,"showFlares":true,"showImageEffects":true,"showParticleSystems":true},"in2DMode":false,"pivot":{"x":-0.9358539581298828,"y":1.0375370979309083,"z":-0.41725432872772219},"rotation":{"x":0.0023151261266320945,"y":-0.7149144411087036,"z":0.0023650398943573238,"w":0.6992074847221375},"size":4.818155288696289,"orthographic":false}