{"cameraMode":{"drawMode":0,"name":"Shaded","section":"Shading Mode"},"sceneLighting":false,"audioPlay":false,"sceneViewState":{"showFog":true,"showMaterialUpdate":false,"showSkybox":false,"showFlares":true,"showImageEffects":true,"showParticleSystems":true},"in2DMode":false,"pivot":{"x":211.89596557617188,"y":-2.1346511840820314,"z":19.739967346191408},"rotation":{"x":-0.11031418293714524,"y":0.0563126876950264,"z":-0.006263313814997673,"w":-0.9922838807106018},"size":27.297792434692384,"orthographic":false}