{"cameraMode":{"drawMode":0,"name":"Shaded","section":"Shading Mode"},"sceneLighting":false,"audioPlay":false,"sceneViewState":{"showFog":true,"showMaterialUpdate":false,"showSkybox":false,"showFlares":true,"showImageEffects":true,"showParticleSystems":true},"in2DMode":false,"pivot":{"x":1.693759799003601,"y":-0.16393092274665833,"z":0.9682046175003052},"rotation":{"x":0.04693520814180374,"y":0.6692431569099426,"z":-0.04242546483874321,"w":0.7403506636619568},"size":3.9767744541168215,"orthographic":false}