{"cameraMode":{"drawMode":0,"name":"Shaded","section":"Shading Mode"},"sceneLighting":false,"audioPlay":false,"sceneViewState":{"showFog":true,"showMaterialUpdate":false,"showSkybox":true,"showFlares":true,"showImageEffects":true,"showParticleSystems":true},"in2DMode":false,"pivot":{"x":416.1827087402344,"y":68.75260925292969,"z":105.58525085449219},"rotation":{"x":0.11473609507083893,"y":-0.8266326785087586,"z":0.182468980550766,"w":0.5201156139373779},"size":60.415740966796878,"orthographic":false}