{"cameraMode":{"drawMode":0,"name":"Shaded","section":"Shading Mode"},"sceneLighting":false,"audioPlay":false,"sceneViewState":{"showFog":true,"showMaterialUpdate":false,"showSkybox":false,"showFlares":true,"showImageEffects":true,"showParticleSystems":true},"in2DMode":false,"pivot":{"x":67.851318359375,"y":-6.9043731689453129,"z":1.9504344463348389},"rotation":{"x":-0.03953397274017334,"y":-0.6980100274085999,"z":0.03851589933037758,"w":-0.7140842080116272},"size":26.968233108520509,"orthographic":false}