{"cameraMode":{"drawMode":0,"name":"Shaded","section":"Shading Mode"},"sceneLighting":false,"audioPlay":false,"sceneViewState":{"showFog":true,"showMaterialUpdate":false,"showSkybox":true,"showFlares":true,"showImageEffects":true,"showParticleSystems":true},"in2DMode":false,"pivot":{"x":2.386394739151001,"y":-4.566960334777832,"z":11.963408470153809},"rotation":{"x":0.09652525186538696,"y":0.11595267802476883,"z":-0.010424483567476273,"w":0.9887210726737976},"size":15.938458442687989,"orthographic":false}