{"cameraMode":{"drawMode":0,"name":"Shaded","section":"Shading Mode"},"sceneLighting":false,"audioPlay":false,"sceneViewState":{"showFog":true,"showMaterialUpdate":false,"showSkybox":false,"showFlares":true,"showImageEffects":true,"showParticleSystems":true},"in2DMode":false,"pivot":{"x":513.2461547851563,"y":1.1662054061889649,"z":2.9065093994140627},"rotation":{"x":-0.1207602322101593,"y":0.05147146061062813,"z":-0.006300437729805708,"w":-0.9913608431816101},"size":49.507843017578128,"orthographic":false}