{"cameraMode":{"drawMode":0,"name":"Shaded","section":"Shading Mode"},"sceneLighting":true,"audioPlay":false,"sceneViewState":{"showFog":true,"showMaterialUpdate":false,"showSkybox":false,"showFlares":true,"showImageEffects":true,"showParticleSystems":true},"in2DMode":false,"pivot":{"x":2.0405635833740236,"y":1.9230226278305054,"z":247.81651306152345},"rotation":{"x":-0.00783041026443243,"y":-0.8970323801040649,"z":0.015892179682850839,"w":-0.4416268765926361},"size":40.010372161865237,"orthographic":false}