{"cameraMode":{"drawMode":0,"name":"Shaded","section":"Shading Mode"},"sceneLighting":true,"audioPlay":false,"sceneViewState":{"showFog":true,"showMaterialUpdate":false,"showSkybox":true,"showFlares":true,"showImageEffects":true,"showParticleSystems":true},"in2DMode":false,"pivot":{"x":100.17112731933594,"y":-5.26137638092041,"z":10.037361145019532},"rotation":{"x":-0.05814274400472641,"y":-0.9085705280303955,"z":0.13256758451461793,"w":-0.3927392363548279},"size":4.005561828613281,"orthographic":false}