{"cameraMode":{"drawMode":0,"name":"Shaded","section":"Shading Mode"},"sceneLighting":false,"audioPlay":false,"sceneViewState":{"showFog":true,"showMaterialUpdate":false,"showSkybox":true,"showFlares":true,"showImageEffects":true,"showParticleSystems":true},"in2DMode":false,"pivot":{"x":-28.77669334411621,"y":5.814733505249023,"z":99.80745697021485},"rotation":{"x":0.02672235667705536,"y":0.07765266299247742,"z":-0.001011352869682014,"w":0.9968917965888977},"size":4.329073905944824,"orthographic":false}