{"cameraMode":{"drawMode":0,"name":"Shaded","section":"Shading Mode"},"sceneLighting":true,"audioPlay":false,"sceneViewState":{"showFog":true,"showMaterialUpdate":false,"showSkybox":false,"showFlares":true,"showImageEffects":true,"showParticleSystems":true},"in2DMode":false,"pivot":{"x":-0.7324607372283936,"y":0.3973853588104248,"z":-0.04661822319030762},"rotation":{"x":0.11819494515657425,"y":-0.8494753241539002,"z":0.21492576599121095,"w":0.4671541750431061},"size":4.818155288696289,"orthographic":false}