{"cameraMode":{"drawMode":0,"name":"Shaded","section":"Shading Mode"},"sceneLighting":false,"audioPlay":false,"sceneViewState":{"showFog":true,"showMaterialUpdate":false,"showSkybox":false,"showFlares":true,"showImageEffects":true,"showParticleSystems":true},"in2DMode":false,"pivot":{"x":121.83193969726563,"y":-3.9301090240478517,"z":-69.93698120117188},"rotation":{"x":-0.1522153913974762,"y":0.687043309211731,"z":-0.15051783621311189,"w":-0.6945045590400696},"size":31.99460220336914,"orthographic":false}