{"cameraMode":{"drawMode":0,"name":"Shaded","section":"Shading Mode"},"sceneLighting":false,"audioPlay":false,"sceneViewState":{"showFog":true,"showMaterialUpdate":false,"showSkybox":true,"showFlares":true,"showImageEffects":true,"showParticleSystems":true},"in2DMode":false,"pivot":{"x":-29.197988510131837,"y":1.3147484064102173,"z":101.0880355834961},"rotation":{"x":-0.15944111347198487,"y":-0.6269020438194275,"z":0.13167576491832734,"w":-0.7516019344329834},"size":3.9649598598480226,"orthographic":false}