{"cameraMode":{"drawMode":0,"name":"Shaded","section":"Shading Mode"},"sceneLighting":true,"audioPlay":false,"sceneViewState":{"showFog":true,"showMaterialUpdate":false,"showSkybox":true,"showFlares":true,"showImageEffects":true,"showParticleSystems":true},"in2DMode":false,"pivot":{"x":538.0546264648438,"y":181.8002471923828,"z":-199.14508056640626},"rotation":{"x":0.020038438960909845,"y":-0.8314184546470642,"z":-0.03024287521839142,"w":-0.5546277761459351},"size":750.8587036132813,"orthographic":false}