{"cameraMode":{"drawMode":0,"name":"Shaded","section":"Shading Mode"},"sceneLighting":false,"audioPlay":false,"sceneViewState":{"showFog":true,"showMaterialUpdate":false,"showSkybox":false,"showFlares":true,"showImageEffects":true,"showParticleSystems":true},"in2DMode":false,"pivot":{"x":233.479248046875,"y":-4.742719650268555,"z":-45.19587707519531},"rotation":{"x":-0.13671524822711945,"y":0.7983379364013672,"z":-0.1976695954799652,"w":-0.5521788597106934},"size":28.58409309387207,"orthographic":false}