{"cameraMode":{"drawMode":0,"name":"Shaded","section":"Shading Mode"},"sceneLighting":false,"audioPlay":false,"sceneViewState":{"showFog":true,"showMaterialUpdate":false,"showSkybox":true,"showFlares":true,"showImageEffects":true,"showParticleSystems":true},"in2DMode":false,"pivot":{"x":35.366737365722659,"y":-7.730142593383789,"z":-0.33789825439453127},"rotation":{"x":0.05528131499886513,"y":0.9383662343025208,"z":-0.2915273606777191,"w":0.17804953455924989},"size":60.415740966796878,"orthographic":false}