{"cameraMode":{"drawMode":0,"name":"Shaded","section":"Shading Mode"},"sceneLighting":false,"audioPlay":false,"sceneViewState":{"showFog":true,"showMaterialUpdate":false,"showSkybox":true,"showFlares":true,"showImageEffects":true,"showParticleSystems":true},"in2DMode":false,"pivot":{"x":90.43254852294922,"y":-0.537142276763916,"z":-1.3200416564941407},"rotation":{"x":-0.015320195816457272,"y":-0.9816518425941467,"z":0.08526026457548142,"w":-0.171042799949646},"size":38.2883415222168,"orthographic":false}
