{"cameraMode":{"drawMode":0,"name":"Shaded","section":"Shading Mode"},"sceneLighting":false,"audioPlay":false,"sceneViewState":{"showFog":true,"showMaterialUpdate":false,"showSkybox":true,"showFlares":true,"showImageEffects":true,"showParticleSystems":true},"in2DMode":false,"pivot":{"x":140.00726318359376,"y":-18.154926300048829,"z":7.819858551025391},"rotation":{"x":-0.08648262917995453,"y":-0.8104953765869141,"z":0.12337040901184082,"w":-0.5663116574287415},"size":54.434574127197269,"orthographic":false}