{"cameraMode":{"drawMode":0,"name":"Shaded","section":"Shading Mode"},"sceneLighting":false,"audioPlay":false,"sceneViewState":{"showFog":true,"showMaterialUpdate":false,"showSkybox":false,"showFlares":true,"showImageEffects":true,"showParticleSystems":true},"in2DMode":false,"pivot":{"x":18.630035400390626,"y":-2.1277384757995607,"z":54.670166015625},"rotation":{"x":-0.06809219717979431,"y":-0.4463541805744171,"z":0.034081414341926578,"w":-0.891647458076477},"size":42.16975021362305,"orthographic":false}