{"cameraMode":{"drawMode":0,"name":"Shaded","section":"Shading Mode"},"sceneLighting":false,"audioPlay":false,"sceneViewState":{"showFog":true,"showMaterialUpdate":false,"showSkybox":true,"showFlares":true,"showImageEffects":true,"showParticleSystems":true},"in2DMode":false,"pivot":{"x":86.61177825927735,"y":-4.586787223815918,"z":26.156919479370118},"rotation":{"x":0.0032747217919677498,"y":-0.02124984934926033,"z":-0.0005092652281746268,"w":-0.9999711513519287},"size":38.2883415222168,"orthographic":false}