{"cameraMode":{"drawMode":0,"name":"Shaded","section":"Shading Mode"},"sceneLighting":false,"audioPlay":false,"sceneViewState":{"showFog":true,"showMaterialUpdate":false,"showSkybox":true,"showFlares":true,"showImageEffects":true,"showParticleSystems":true},"in2DMode":false,"pivot":{"x":56.60634231567383,"y":-12.103553771972657,"z":108.16372680664063},"rotation":{"x":0.03994258493185043,"y":-0.20358455181121827,"z":0.008316632360219956,"w":0.978212296962738},"size":121.20447540283203,"orthographic":false}