{"cameraMode":{"drawMode":0,"name":"Shaded","section":"Shading Mode"},"sceneLighting":false,"audioPlay":false,"sceneViewState":{"showFog":true,"showMaterialUpdate":false,"showSkybox":false,"showFlares":true,"showImageEffects":true,"showParticleSystems":true},"in2DMode":false,"pivot":{"x":0.0000071649637902737599,"y":-0.3000001907348633,"z":8.499998092651368},"rotation":{"x":-0.2870810627937317,"y":0.06683957576751709,"z":-0.02031075581908226,"w":-0.9554497003555298},"size":22.0,"orthographic":false}