{"cameraMode":{"drawMode":0,"name":"Shaded","section":"Shading Mode"},"sceneLighting":false,"audioPlay":false,"sceneViewState":{"showFog":true,"showMaterialUpdate":false,"showSkybox":true,"showFlares":true,"showImageEffects":true,"showParticleSystems":true},"in2DMode":false,"pivot":{"x":765.2542724609375,"y":22.952177047729493,"z":-44.39397430419922},"rotation":{"x":0.020687749609351159,"y":-0.9752318263053894,"z":0.19242645800113679,"w":0.10922476649284363},"size":3.3864824771881105,"orthographic":false}