{"cameraMode":{"drawMode":0,"name":"Shaded","section":"Shading Mode"},"sceneLighting":true,"audioPlay":false,"sceneViewState":{"showFog":true,"showMaterialUpdate":false,"showSkybox":true,"showFlares":true,"showImageEffects":true,"showParticleSystems":true},"in2DMode":false,"pivot":{"x":59.53206253051758,"y":-3.8056302070617677,"z":-0.5821976661682129},"rotation":{"x":-0.045944903045892718,"y":0.8027530312538147,"z":-0.06261815130710602,"w":-0.5918554663658142},"size":10.8382568359375,"orthographic":false}