{"cameraMode":{"drawMode":0,"name":"Shaded","section":"Shading Mode"},"sceneLighting":false,"audioPlay":false,"sceneViewState":{"showFog":true,"showMaterialUpdate":false,"showSkybox":false,"showFlares":true,"showImageEffects":true,"showParticleSystems":true},"in2DMode":false,"pivot":{"x":-0.7175257205963135,"y":-0.9269012808799744,"z":-3.3326051235198976},"rotation":{"x":0.01694735884666443,"y":-0.9830316305160523,"z":0.13025058805942536,"w":0.12874354422092439},"size":5.570315361022949,"orthographic":false}