{"cameraMode":{"drawMode":0,"name":"Shaded","section":"Shading Mode"},"sceneLighting":false,"audioPlay":false,"sceneViewState":{"showFog":true,"showMaterialUpdate":false,"showSkybox":true,"showFlares":true,"showImageEffects":true,"showParticleSystems":true},"in2DMode":false,"pivot":{"x":61.09986114501953,"y":-16.944684982299806,"z":20.397172927856447},"rotation":{"x":0.096280038356781,"y":0.600669801235199,"z":-0.07318268716335297,"w":0.7904759645462036},"size":60.415740966796878,"orthographic":false}