{"cameraMode":{"drawMode":0,"name":"Shaded","section":"Shading Mode"},"sceneLighting":false,"audioPlay":false,"sceneViewState":{"showFog":true,"showMaterialUpdate":false,"showSkybox":false,"showFlares":true,"showImageEffects":true,"showParticleSystems":true},"in2DMode":false,"pivot":{"x":348.7143859863281,"y":-10.302014350891114,"z":-69.26993560791016},"rotation":{"x":-0.1283992975950241,"y":-0.6785903573036194,"z":0.12223133444786072,"w":-0.7128081321716309},"size":82.04170989990235,"orthographic":false}