{"cameraMode":{"drawMode":0,"name":"Shaded","section":"Shading Mode"},"sceneLighting":false,"audioPlay":false,"sceneViewState":{"showFog":true,"showMaterialUpdate":false,"showSkybox":true,"showFlares":true,"showImageEffects":true,"showParticleSystems":true},"in2DMode":false,"pivot":{"x":299.02593994140627,"y":-4.473846435546875,"z":114.09650421142578},"rotation":{"x":-0.17285145819187165,"y":0.25105002522468569,"z":-0.04560844600200653,"w":-0.951420783996582},"size":35.82379150390625,"orthographic":false}