{"cameraMode":{"drawMode":0,"name":"Shaded","section":"Shading Mode"},"sceneLighting":false,"audioPlay":false,"sceneViewState":{"showFog":true,"showMaterialUpdate":false,"showSkybox":false,"showFlares":true,"showImageEffects":true,"showParticleSystems":true},"in2DMode":false,"pivot":{"x":487.16741943359377,"y":0.5440502166748047,"z":-0.8492774963378906},"rotation":{"x":-0.24073949456214906,"y":-0.20234131813049317,"z":0.051386792212724689,"w":-0.9478790760040283},"size":23.349084854125978,"orthographic":false}