{"cameraMode":{"drawMode":0,"name":"Shaded","section":"Shading Mode"},"sceneLighting":false,"audioPlay":false,"sceneViewState":{"showFog":true,"showMaterialUpdate":false,"showSkybox":false,"showFlares":true,"showImageEffects":true,"showParticleSystems":true},"in2DMode":false,"pivot":{"x":607.8231201171875,"y":12.84185791015625,"z":-38.133419036865237},"rotation":{"x":-0.055380094796419147,"y":0.8946736454963684,"z":-0.11580181121826172,"w":-0.42788851261138918},"size":27.29780387878418,"orthographic":false}