{"cameraMode":{"drawMode":0,"name":"Shaded","section":"Shading Mode"},"sceneLighting":false,"audioPlay":false,"sceneViewState":{"showFog":true,"showMaterialUpdate":false,"showSkybox":true,"showFlares":true,"showImageEffects":true,"showParticleSystems":true},"in2DMode":false,"pivot":{"x":76.62288665771485,"y":-75.98060607910156,"z":15.737595558166504},"rotation":{"x":-0.2613501250743866,"y":-0.5988572835922241,"z":0.21436838805675507,"w":-0.7263944149017334},"size":121.2818832397461,"orthographic":false}
