{"cameraMode":{"drawMode":0,"name":"Shaded","section":"Shading Mode"},"sceneLighting":false,"audioPlay":false,"sceneViewState":{"showFog":true,"showMaterialUpdate":false,"showSkybox":false,"showFlares":true,"showImageEffects":true,"showParticleSystems":true},"in2DMode":false,"pivot":{"x":-4.316941738128662,"y":-1.0266505479812623,"z":-4.691532611846924},"rotation":{"x":0.024717599153518678,"y":-0.9319835305213928,"z":0.06728289276361466,"w":0.35604795813560488},"size":8.336631774902344,"orthographic":false}