{"cameraMode":{"drawMode":0,"name":"Shaded","section":"Shading Mode"},"sceneLighting":false,"audioPlay":false,"sceneViewState":{"showFog":true,"showMaterialUpdate":false,"showSkybox":true,"showFlares":true,"showImageEffects":true,"showParticleSystems":true},"in2DMode":false,"pivot":{"x":0.8206180334091187,"y":0.30812737345695498,"z":0.6640422344207764},"rotation":{"x":-0.14930444955825807,"y":-0.5314087271690369,"z":0.09562968462705612,"w":-0.8285616040229797},"size":3.386486768722534,"orthographic":false}