{"cameraMode":{"drawMode":0,"name":"Shaded","section":"Shading Mode"},"sceneLighting":true,"audioPlay":false,"sceneViewState":{"showFog":true,"showMaterialUpdate":false,"showSkybox":true,"showFlares":true,"showImageEffects":true,"showParticleSystems":true},"in2DMode":false,"pivot":{"x":1.2879769802093506,"y":3.869788408279419,"z":167.55404663085938},"rotation":{"x":0.020711304619908334,"y":0.04045090824365616,"z":-0.0006786969606764615,"w":0.9993652701377869},"size":3.968852996826172,"orthographic":false}