{"cameraMode":{"drawMode":0,"name":"Shaded","section":"Shading Mode"},"sceneLighting":false,"audioPlay":false,"sceneViewState":{"showFog":true,"showMaterialUpdate":false,"showSkybox":false,"showFlares":true,"showImageEffects":true,"showParticleSystems":true},"in2DMode":false,"pivot":{"x":367.6961975097656,"y":4.534688949584961,"z":49.39403533935547},"rotation":{"x":-0.11873815953731537,"y":0.4013102650642395,"z":-0.05255793780088425,"w":-0.9066951274871826},"size":40.423988342285159,"orthographic":false}
