{"cameraMode":{"drawMode":0,"name":"Shaded","section":"Shading Mode"},"sceneLighting":false,"audioPlay":false,"sceneViewState":{"showFog":true,"showMaterialUpdate":false,"showSkybox":true,"showFlares":true,"showImageEffects":true,"showParticleSystems":true},"in2DMode":false,"pivot":{"x":634.902587890625,"y":109.30474853515625,"z":-17.665000915527345},"rotation":{"x":0.3807862102985382,"y":0.41411709785461428,"z":-0.19550266861915589,"w":0.8035807013511658},"size":170.0119171142578,"orthographic":false}