{"cameraMode":{"drawMode":0,"name":"Shaded","section":"Shading Mode"},"sceneLighting":false,"audioPlay":false,"sceneViewState":{"showFog":true,"showMaterialUpdate":false,"showSkybox":false,"showFlares":true,"showImageEffects":true,"showParticleSystems":true},"in2DMode":false,"pivot":{"x":351.5177001953125,"y":-15.289851188659668,"z":-81.83846282958985},"rotation":{"x":-0.0642419159412384,"y":-0.8328058123588562,"z":0.09891151636838913,"w":-0.5408623218536377},"size":82.04170989990235,"orthographic":false}