{"cameraMode":{"drawMode":0,"name":"Shaded","section":"Shading Mode"},"sceneLighting":false,"audioPlay":false,"sceneViewState":{"showFog":true,"showMaterialUpdate":false,"showSkybox":false,"showFlares":true,"showImageEffects":true,"showParticleSystems":true},"in2DMode":false,"pivot":{"x":73.38223266601563,"y":-4.047929286956787,"z":-32.61709213256836},"rotation":{"x":0.026473481208086015,"y":0.9732871055603027,"z":-0.14980390667915345,"w":0.17197860777378083},"size":28.584110260009767,"orthographic":false}