{"cameraMode":{"drawMode":0,"name":"Shaded","section":"Shading Mode"},"sceneLighting":false,"audioPlay":false,"sceneViewState":{"showFog":true,"showMaterialUpdate":false,"showSkybox":false,"showFlares":true,"showImageEffects":true,"showParticleSystems":true},"in2DMode":false,"pivot":{"x":72.95304107666016,"y":-0.7477993965148926,"z":-10.838038444519043},"rotation":{"x":-0.1055154874920845,"y":0.5200902819633484,"z":-0.06494135409593582,"w":-0.8450809717178345},"size":28.584110260009767,"orthographic":false}