{"cameraMode":{"drawMode":0,"name":"Shaded","section":"Shading Mode"},"sceneLighting":false,"audioPlay":false,"sceneViewState":{"showFog":true,"showMaterialUpdate":false,"showSkybox":false,"showFlares":true,"showImageEffects":true,"showParticleSystems":true},"in2DMode":false,"pivot":{"x":0.6352218389511108,"y":-0.30566826462745669,"z":-0.37343111634254458},"rotation":{"x":-0.06075945124030113,"y":-0.9385713338851929,"z":0.21896038949489594,"w":-0.2600269913673401},"size":4.547196388244629,"orthographic":false}