{"cameraMode":{"drawMode":0,"name":"Shaded","section":"Shading Mode"},"sceneLighting":false,"audioPlay":false,"sceneViewState":{"showFog":true,"showMaterialUpdate":false,"showSkybox":true,"showFlares":true,"showImageEffects":true,"showParticleSystems":true},"in2DMode":false,"pivot":{"x":331.5919189453125,"y":-4.584827423095703,"z":-16.127241134643556},"rotation":{"x":0.036630015820264819,"y":-0.6722672581672669,"z":0.03509233891963959,"w":0.7390050888061523},"size":17.71831703186035,"orthographic":false}