{"cameraMode":{"drawMode":0,"name":"Shaded","section":"Shading Mode"},"sceneLighting":false,"audioPlay":false,"sceneViewState":{"showFog":true,"showMaterialUpdate":false,"showSkybox":false,"showFlares":true,"showImageEffects":true,"showParticleSystems":true},"in2DMode":false,"pivot":{"x":461.8586730957031,"y":-1.1914863586425782,"z":92.13662719726563},"rotation":{"x":-0.16566695272922517,"y":-0.5995612740516663,"z":0.12851287424564362,"w":-0.7724943161010742},"size":71.92365264892578,"orthographic":false}