{"cameraMode":{"drawMode":0,"name":"Shaded","section":"Shading Mode"},"sceneLighting":false,"audioPlay":false,"sceneViewState":{"showFog":true,"showMaterialUpdate":false,"showSkybox":false,"showFlares":true,"showImageEffects":true,"showParticleSystems":true},"in2DMode":false,"pivot":{"x":4.701950550079346,"y":-1.789156436920166,"z":1.333789587020874},"rotation":{"x":0.1879609376192093,"y":0.7705366611480713,"z":-0.26365619897842409,"w":0.5491430163383484},"size":11.582931518554688,"orthographic":false}