{"cameraMode":{"drawMode":0,"name":"Shaded","section":"Shading Mode"},"sceneLighting":true,"audioPlay":false,"sceneViewState":{"showFog":true,"showMaterialUpdate":false,"showSkybox":false,"showFlares":true,"showImageEffects":true,"showParticleSystems":true},"in2DMode":false,"pivot":{"x":10.488323211669922,"y":2.856506586074829,"z":148.47250366210938},"rotation":{"x":-0.01930196024477482,"y":-0.9797974824905396,"z":0.11786205321550369,"w":-0.16043329238891602},"size":40.010372161865237,"orthographic":false}