{"cameraMode":{"drawMode":0,"name":"Shaded","section":"Shading Mode"},"sceneLighting":false,"audioPlay":false,"sceneViewState":{"showFog":true,"showMaterialUpdate":false,"showSkybox":true,"showFlares":true,"showImageEffects":true,"showParticleSystems":true},"in2DMode":false,"pivot":{"x":1004.637939453125,"y":10.594072341918946,"z":17.258834838867189},"rotation":{"x":0.013809656724333763,"y":-0.9482436180114746,"z":-0.044706184417009357,"w":-0.3149375021457672},"size":5.52685022354126,"orthographic":false}