{"cameraMode":{"drawMode":0,"name":"Shaded","section":"Shading Mode"},"sceneLighting":true,"audioPlay":false,"sceneViewState":{"showFog":true,"showMaterialUpdate":false,"showSkybox":true,"showFlares":true,"showImageEffects":true,"showParticleSystems":true},"in2DMode":false,"pivot":{"x":452.0430603027344,"y":-11.02957820892334,"z":-139.8865966796875},"rotation":{"x":0.006263385526835918,"y":-0.9840121269226074,"z":0.03821384161710739,"w":0.17592734098434449},"size":284.85736083984377,"orthographic":false}