{"cameraMode":{"drawMode":0,"name":"Shaded","section":"Shading Mode"},"sceneLighting":false,"audioPlay":false,"sceneViewState":{"showFog":true,"showMaterialUpdate":false,"showSkybox":false,"showFlares":true,"showImageEffects":true,"showParticleSystems":true},"in2DMode":false,"pivot":{"x":69.49540710449219,"y":0.1646728515625,"z":4.310328960418701},"rotation":{"x":-0.13557149469852448,"y":-0.6190226674079895,"z":0.10958500951528549,"w":-0.7657869458198547},"size":28.58211326599121,"orthographic":false}