{"cameraMode":{"drawMode":0,"name":"Shaded","section":"Shading Mode"},"sceneLighting":false,"audioPlay":false,"sceneViewState":{"showFog":true,"showMaterialUpdate":false,"showSkybox":true,"showFlares":true,"showImageEffects":true,"showParticleSystems":true},"in2DMode":false,"pivot":{"x":561.8631591796875,"y":-11.209366798400879,"z":52.86326217651367},"rotation":{"x":-0.41773271560668948,"y":0.18227925896644593,"z":-0.08702079206705094,"w":-0.8861290812492371},"size":46.30464553833008,"orthographic":false}