{"cameraMode":{"drawMode":0,"name":"Shaded","section":"Shading Mode"},"sceneLighting":false,"audioPlay":false,"sceneViewState":{"showFog":true,"showMaterialUpdate":false,"showSkybox":true,"showFlares":true,"showImageEffects":true,"showParticleSystems":true},"in2DMode":false,"pivot":{"x":214.26107788085938,"y":-23.143117904663087,"z":359.956298828125},"rotation":{"x":-0.15423902869224549,"y":-0.31050893664360049,"z":0.055189959704875949,"w":-0.9370996952056885},"size":130.4580078125,"orthographic":false}