{"cameraMode":{"drawMode":0,"name":"Shaded","section":"Shading Mode"},"sceneLighting":false,"audioPlay":false,"sceneViewState":{"showFog":true,"showMaterialUpdate":false,"showSkybox":false,"showFlares":true,"showImageEffects":true,"showParticleSystems":true},"in2DMode":false,"pivot":{"x":494.7468566894531,"y":0.000002384185791015625,"z":0.0},"rotation":{"x":-0.4178295135498047,"y":0.5390048623085022,"z":-0.3510054647922516,"w":-0.6416390538215637},"size":23.349084854125978,"orthographic":false}