{"cameraMode":{"drawMode":0,"name":"Shaded","section":"Shading Mode"},"sceneLighting":true,"audioPlay":false,"sceneViewState":{"showFog":true,"showMaterialUpdate":false,"showSkybox":true,"showFlares":true,"showImageEffects":true,"showParticleSystems":true},"in2DMode":false,"pivot":{"x":-2.873941659927368,"y":4.644688606262207,"z":207.75601196289063},"rotation":{"x":0.008743999525904656,"y":0.03496956825256348,"z":0.000566673232242465,"w":0.9998149871826172},"size":22.0,"orthographic":false}