{"cameraMode":{"drawMode":0,"name":"Shaded","section":"Shading Mode"},"sceneLighting":true,"audioPlay":false,"sceneViewState":{"showFog":true,"showMaterialUpdate":false,"showSkybox":true,"showFlares":true,"showImageEffects":true,"showParticleSystems":true},"in2DMode":false,"pivot":{"x":7.1764373779296879,"y":4.854376792907715,"z":-17.931568145751954},"rotation":{"x":-0.12501691281795503,"y":-0.703942596912384,"z":0.12992200255393983,"w":-0.6875734329223633},"size":3.933475971221924,"orthographic":false}