{"cameraMode":{"drawMode":0,"name":"Shaded","section":"Shading Mode"},"sceneLighting":false,"audioPlay":false,"sceneViewState":{"showFog":true,"showMaterialUpdate":false,"showSkybox":true,"showFlares":true,"showImageEffects":true,"showParticleSystems":true},"in2DMode":false,"pivot":{"x":88.32833099365235,"y":-6.363023281097412,"z":-6.011029243469238},"rotation":{"x":0.004781543277204037,"y":-0.9816449880599976,"z":0.02934563346207142,"w":0.18969132006168366},"size":22.58926773071289,"orthographic":false}