{"cameraMode":{"drawMode":0,"name":"Shaded","section":"Shading Mode"},"sceneLighting":false,"audioPlay":false,"sceneViewState":{"showFog":true,"showMaterialUpdate":false,"showSkybox":false,"showFlares":true,"showImageEffects":true,"showParticleSystems":true},"in2DMode":false,"pivot":{"x":83.26618194580078,"y":-7.990380764007568,"z":0.6630879640579224},"rotation":{"x":-0.1616610437631607,"y":-0.6718533039093018,"z":0.153395876288414,"w":-0.7065198421478272},"size":28.58211326599121,"orthographic":false}