{"cameraMode":{"drawMode":0,"name":"Shaded","section":"Shading Mode"},"sceneLighting":false,"audioPlay":false,"sceneViewState":{"showFog":true,"showMaterialUpdate":false,"showSkybox":true,"showFlares":true,"showImageEffects":true,"showParticleSystems":true},"in2DMode":false,"pivot":{"x":372.1523742675781,"y":-158.2858428955078,"z":4.890933036804199},"rotation":{"x":0.27200525999069216,"y":0.6581597328186035,"z":-0.27823275327682497,"w":0.6446430087089539},"size":418.8859558105469,"orthographic":false}