{"cameraMode":{"drawMode":0,"name":"Shaded","section":"Shading Mode"},"sceneLighting":false,"audioPlay":false,"sceneViewState":{"showFog":true,"showMaterialUpdate":false,"showSkybox":false,"showFlares":true,"showImageEffects":true,"showParticleSystems":true},"in2DMode":false,"pivot":{"x":542.4341430664063,"y":14.081506729125977,"z":-16.068721771240236},"rotation":{"x":0.12846609950065614,"y":-0.3420362174510956,"z":0.04676393046975136,"w":0.929802417755127},"size":49.507843017578128,"orthographic":false}