{"cameraMode":{"drawMode":0,"name":"Shaded","section":"Shading Mode"},"sceneLighting":false,"audioPlay":false,"sceneViewState":{"showFog":true,"showMaterialUpdate":false,"showSkybox":false,"showFlares":true,"showImageEffects":true,"showParticleSystems":true},"in2DMode":false,"pivot":{"x":4.76837158203125e-7,"y":0.0027489662170410158,"z":0.0},"rotation":{"x":0.07706841826438904,"y":-0.9209116101264954,"z":0.30039191246032717,"w":0.23623155057430268},"size":28.58408546447754,"orthographic":false}