{"cameraMode":{"drawMode":0,"name":"Shaded","section":"Shading Mode"},"sceneLighting":true,"audioPlay":false,"sceneViewState":{"showFog":true,"showMaterialUpdate":false,"showSkybox":true,"showFlares":true,"showImageEffects":true,"showParticleSystems":true},"in2DMode":false,"pivot":{"x":540.74267578125,"y":146.74472045898438,"z":407.7137145996094},"rotation":{"x":-0.014848597347736359,"y":-0.7581353783607483,"z":0.017312586307525636,"w":-0.6517447233200073},"size":2432.183349609375,"orthographic":false}