{"cameraMode":{"drawMode":0,"name":"Shaded","section":"Shading Mode"},"sceneLighting":false,"audioPlay":false,"sceneViewState":{"showFog":true,"showMaterialUpdate":false,"showSkybox":true,"showFlares":true,"showImageEffects":true,"showParticleSystems":true},"in2DMode":false,"pivot":{"x":651.73291015625,"y":-109.72320556640625,"z":-6.742376327514648},"rotation":{"x":0.25420960783958437,"y":0.6617123484611511,"z":-0.2567512094974518,"w":0.6571277379989624},"size":583.7413330078125,"orthographic":false}