{"cameraMode":{"drawMode":0,"name":"Shaded","section":"Shading Mode"},"sceneLighting":false,"audioPlay":false,"sceneViewState":{"showFog":true,"showMaterialUpdate":false,"showSkybox":true,"showFlares":true,"showImageEffects":true,"showParticleSystems":true},"in2DMode":false,"pivot":{"x":433.6753845214844,"y":-374.38226318359377,"z":5.684067726135254},"rotation":{"x":0.2832757532596588,"y":0.642928957939148,"z":-0.27826181054115298,"w":0.6550430059432983},"size":707.9157104492188,"orthographic":false}