{"cameraMode":{"drawMode":0,"name":"Shaded","section":"Shading Mode"},"sceneLighting":false,"audioPlay":false,"sceneViewState":{"showFog":true,"showMaterialUpdate":false,"showSkybox":true,"showFlares":true,"showImageEffects":true,"showParticleSystems":true},"in2DMode":false,"pivot":{"x":336.0594177246094,"y":-129.842529296875,"z":-27.528247833251954},"rotation":{"x":-0.2831071615219116,"y":-0.670425295829773,"z":0.31112363934516909,"w":-0.6113427877426148},"size":561.9954833984375,"orthographic":false}