{"cameraMode":{"drawMode":0,"name":"Shaded","section":"Shading Mode"},"sceneLighting":false,"audioPlay":false,"sceneViewState":{"showFog":true,"showMaterialUpdate":false,"showSkybox":false,"showFlares":true,"showImageEffects":true,"showParticleSystems":true},"in2DMode":false,"pivot":{"x":-6.350049018859863,"y":-0.37152838706970217,"z":-9.308184623718262},"rotation":{"x":0.023209743201732637,"y":-0.9521600604057312,"z":0.07470858842134476,"w":0.2954973578453064},"size":15.6687650680542,"orthographic":false}