{"cameraMode":{"drawMode":0,"name":"Shaded","section":"Shading Mode"},"sceneLighting":false,"audioPlay":false,"sceneViewState":{"showFog":true,"showMaterialUpdate":false,"showSkybox":false,"showFlares":true,"showImageEffects":true,"showParticleSystems":true},"in2DMode":false,"pivot":{"x":538.7860717773438,"y":261.18817138671877,"z":-9.333343505859375},"rotation":{"x":0.0018095551058650017,"y":0.004495037253946066,"z":-0.000008109602276817895,"w":0.9999889135360718},"size":400.1520080566406,"orthographic":false}