{"cameraMode":{"drawMode":0,"name":"Shaded","section":"Shading Mode"},"sceneLighting":false,"audioPlay":false,"sceneViewState":{"showFog":true,"showMaterialUpdate":false,"showSkybox":false,"showFlares":true,"showImageEffects":true,"showParticleSystems":true},"in2DMode":false,"pivot":{"x":54.25065231323242,"y":-0.3056793212890625,"z":28.768024444580079},"rotation":{"x":-0.12163253873586655,"y":0.16683319211006165,"z":-0.020343851298093797,"w":-0.978323757648468},"size":34.76495361328125,"orthographic":false}