{"cameraMode":{"drawMode":0,"name":"Shaded","section":"Shading Mode"},"sceneLighting":true,"audioPlay":false,"sceneViewState":{"showFog":true,"showMaterialUpdate":false,"showSkybox":true,"showFlares":true,"showImageEffects":true,"showParticleSystems":true},"in2DMode":false,"pivot":{"x":-3.668487310409546,"y":1.1502269506454468,"z":238.46035766601563},"rotation":{"x":-0.3213796615600586,"y":0.5895180106163025,"z":-0.27515482902526858,"w":-0.6881927251815796},"size":1.6147630214691163,"orthographic":false}