{"cameraMode":{"drawMode":0,"name":"Shaded","section":"Shading Mode"},"sceneLighting":true,"audioPlay":false,"sceneViewState":{"showFog":true,"showMaterialUpdate":false,"showSkybox":true,"showFlares":true,"showImageEffects":true,"showParticleSystems":true},"in2DMode":false,"pivot":{"x":-32.24888610839844,"y":-6.115106582641602,"z":16.049903869628908},"rotation":{"x":0.016406890004873277,"y":-0.9748712778091431,"z":0.07649187743663788,"w":0.20872259140014649},"size":92.72987365722656,"orthographic":false}