{"cameraMode":{"drawMode":0,"name":"Shaded","section":"Shading Mode"},"sceneLighting":true,"audioPlay":false,"sceneViewState":{"showFog":true,"showMaterialUpdate":false,"showSkybox":true,"showFlares":true,"showImageEffects":true,"showParticleSystems":true},"in2DMode":false,"pivot":{"x":51.045597076416019,"y":1.3370099067687989,"z":252.4080047607422},"rotation":{"x":-0.026645435020327569,"y":-0.7087289690971375,"z":0.02681279554963112,"w":-0.7044833898544312},"size":15.03866958618164,"orthographic":false}