{"cameraMode":{"drawMode":0,"name":"Shaded","section":"Shading Mode"},"sceneLighting":false,"audioPlay":false,"sceneViewState":{"showFog":true,"showMaterialUpdate":false,"showSkybox":false,"showFlares":true,"showImageEffects":true,"showParticleSystems":true},"in2DMode":false,"pivot":{"x":-98.55717468261719,"y":51.29688262939453,"z":132.64004516601563},"rotation":{"x":0.31010597944259646,"y":0.008852163329720497,"z":-0.002888221526518464,"w":0.950684130191803},"size":26.81058120727539,"orthographic":false}