{"cameraMode":{"drawMode":0,"name":"Shaded","section":"Shading Mode"},"sceneLighting":false,"audioPlay":false,"sceneViewState":{"showFog":true,"showMaterialUpdate":false,"showSkybox":true,"showFlares":true,"showImageEffects":true,"showParticleSystems":true},"in2DMode":false,"pivot":{"x":183.68533325195313,"y":-47.690757751464847,"z":13.908064842224121},"rotation":{"x":0.2497032880783081,"y":0.6606073975563049,"z":-0.24934804439544679,"w":0.6627207398414612},"size":217.94679260253907,"orthographic":false}