{"cameraMode":{"drawMode":0,"name":"Shaded","section":"Shading Mode"},"sceneLighting":false,"audioPlay":false,"sceneViewState":{"showFog":true,"showMaterialUpdate":false,"showSkybox":false,"showFlares":true,"showImageEffects":true,"showParticleSystems":true},"in2DMode":false,"pivot":{"x":-0.08472829312086106,"y":2.266841173171997,"z":1.3904887437820435},"rotation":{"x":0.008491724729537964,"y":-0.7242412567138672,"z":0.00891099963337183,"w":0.6894474029541016},"size":2.2865753173828127,"orthographic":false}