{"cameraMode":{"drawMode":0,"name":"Shaded","section":"Shading Mode"},"sceneLighting":false,"audioPlay":false,"sceneViewState":{"showFog":true,"showMaterialUpdate":false,"showSkybox":true,"showFlares":true,"showImageEffects":true,"showParticleSystems":true},"in2DMode":false,"pivot":{"x":511.60662841796877,"y":-156.16549682617188,"z":-3.8813767433166506},"rotation":{"x":0.2887231707572937,"y":0.6448673009872437,"z":-0.28880318999290469,"w":0.6461994647979736},"size":708.8576049804688,"orthographic":false}