{"cameraMode":{"drawMode":0,"name":"Shaded","section":"Shading Mode"},"sceneLighting":false,"audioPlay":false,"sceneViewState":{"showFog":true,"showMaterialUpdate":false,"showSkybox":false,"showFlares":true,"showImageEffects":true,"showParticleSystems":true},"in2DMode":false,"pivot":{"x":2.562999963760376,"y":1.75,"z":238.52000427246095},"rotation":{"x":-0.1945023536682129,"y":-0.10103815048933029,"z":0.02020314522087574,"w":-0.9755150675773621},"size":3.9767744541168215,"orthographic":false}